{"main":"bookmyhotelapi.raml","name":"BookMyHotelAPI","organizationId":"3b170454-5c4f-422c-ae3e-d92ea37c000f","groupId":"3b170454-5c4f-422c-ae3e-d92ea37c000f","assetId":"bookmyhotelapi","version":"2.1.0","metadata":{"branchId":"master","commitId":"80e0d2d71a17660a7619ff9a6381437bea3edae4","projectId":"e4e218b7-7b1c-45cd-9fd4-3bf84d375a16"},"apiVersion":"v2","classifier":"raml","dependencies":[{"assetId":"errordatatype_fragment","groupId":"3b170454-5c4f-422c-ae3e-d92ea37c000f","version":"1.0.1"}],"tags":[],"originalFormatVersion":"1.0"}