{
	"info": {
		"_postman_id": "643280da-d750-4981-9f35-96d08d170f96",
		"name": "users-api",
		"schema": "https://schema.getpostman.com/json/collection/v2.1.0/collection.json"
	},
	"item": [
		{
			"name": "GET Partner1",
			"request": {
				"auth": {
					"type": "basic",
					"basic": [
						{
							"key": "password",
							"value": "syssecret",
							"type": "string"
						},
						{
							"key": "username",
							"value": "sysuser",
							"type": "string"
						}
					]
				},
				"method": "GET",
				"header": [],
				"url": {
					"raw": "https://amazeittech-eval-test.apigee.net/v1/users?apikey=xqlLKaSDG1Ax4VUOC5YugMNuNFs8Ddan",
					"protocol": "https",
					"host": [
						"amazeittech-eval-test",
						"apigee",
						"net"
					],
					"path": [
						"v1",
						"users"
					],
					"query": [
						{
							"key": "apikey",
							"value": "xqlLKaSDG1Ax4VUOC5YugMNuNFs8Ddan"
						}
					]
				}
			},
			"response": []
		},
		{
			"name": "GET Internal",
			"request": {
				"auth": {
					"type": "basic",
					"basic": [
						{
							"key": "password",
							"value": "syssecret",
							"type": "string"
						},
						{
							"key": "username",
							"value": "sysuser",
							"type": "string"
						}
					]
				},
				"method": "GET",
				"header": [],
				"url": {
					"raw": "https://amazeittech-eval-test.apigee.net/v1/users?apikey=ZLwnELJKK2TkMSwWafPIxcn8PqnzySbb",
					"protocol": "https",
					"host": [
						"amazeittech-eval-test",
						"apigee",
						"net"
					],
					"path": [
						"v1",
						"users"
					],
					"query": [
						{
							"key": "apikey",
							"value": "ZLwnELJKK2TkMSwWafPIxcn8PqnzySbb"
						}
					]
				}
			},
			"response": []
		},
		{
			"name": "GET Internal - Invalid AT",
			"request": {
				"auth": {
					"type": "oauth2",
					"oauth2": [
						{
							"key": "accessToken",
							"value": "119b2844b934fe2a716e4f1eff1950dd323e5db8",
							"type": "string"
						},
						{
							"key": "tokenType",
							"value": "bearer",
							"type": "string"
						},
						{
							"key": "addTokenTo",
							"value": "header",
							"type": "string"
						}
					]
				},
				"method": "GET",
				"header": [
					{
						"key": "x-api-key",
						"value": "ZLwnELJKK2TkMSwWafPIxcn8PqnzySbb",
						"type": "text"
					}
				],
				"url": {
					"raw": "https://amazeittech-eval-test.apigee.net/v1/users/17784",
					"protocol": "https",
					"host": [
						"amazeittech-eval-test",
						"apigee",
						"net"
					],
					"path": [
						"v1",
						"users",
						"17784"
					]
				}
			},
			"response": []
		}
	],
	"protocolProfileBehavior": {}
}