{
  "name": "[Excercise] Rec | ETL/ELT Exercise",
  "description": "",
  "version": 4,
  "private": true,
  "concurrency": 1,
  "code": {
    "number": 0,
    "provider": "workato_webhooks",
    "name": "new_event",
    "as": "21d309a7",
    "title": null,
    "description": "<span class=\"provider\">Check</span> via <span class=\"provider\">HTTP webhook</span>",
    "keyword": "trigger",
    "input": {
      "request": {
        "webhook_type": "get"
      },
      "webhook_suffix": "check"
    },
    "extended_output_schema": [
      {
        "label": "Headers",
        "name": "headers",
        "properties": [

        ],
        "type": "object"
      },
      {
        "label": "Payload",
        "name": "payload",
        "properties": [

        ],
        "type": "object"
      }
    ],
    "extended_input_schema": [
      {
        "label": "Payload configuration",
        "name": "request",
        "override": true,
        "properties": [
          {
            "control_type": "select",
            "label": "Webhook type",
            "pick_list": [
              [
                "GET request",
                "get"
              ],
              [
                "PUT/POST with JSON payload",
                "json"
              ],
              [
                "PUT/POST with XML payload",
                "xml"
              ],
              [
                "PUT/POST with FORM encoded payload",
                "form"
              ],
              [
                "PUT/POST with raw binary data",
                "rawdata"
              ],
              [
                "PUT/POST with unicode text data",
                "rawdatatxt"
              ]
            ],
            "hint": "Select the HTTP method and payload data type used by webhook. <a href=\"https://docs.workato.com/developing-connectors/http.html#set-up-your-non-oauth-2-0-connection\" target=\"_blank\">Learn more</a>",
            "default": "json",
            "extends_schema": true,
            "type": "string",
            "name": "webhook_type"
          },
          {
            "control_type": "schema-designer",
            "label": "Payload schema",
            "sample_data_type": "form",
            "extends_schema": true,
            "empty_schema_title": "Describe all fields in your response.",
            "optional": true,
            "sticky": true,
            "type": "string",
            "name": "payload_schema"
          },
          {
            "control_type": "schema-designer",
            "label": "Query params",
            "extends_schema": true,
            "empty_schema_title": "Describe all the query params",
            "optional": true,
            "sticky": true,
            "type": "string",
            "name": "query_params"
          },
          {
            "control_type": "schema-designer",
            "label": "Headers",
            "extends_schema": true,
            "empty_schema_title": "Describe all the webhook headers",
            "optional": true,
            "sticky": true,
            "type": "string",
            "name": "headers_schema"
          }
        ],
        "type": "object"
      }
    ],
    "block": [
      {
        "number": 1,
        "provider": "workato_files",
        "name": "get_file_contents",
        "as": "6a74e59b",
        "title": null,
        "description": null,
        "keyword": "action",
        "dynamicPickListSelection": {
          "file_path": {
            "ids": [
              "/",
              "/BulkOpportunities.csv"
            ],
            "titles": [
              "Root directory",
              "BulkOpportunities.csv"
            ]
          }
        },
        "toggleCfg": {
          "file_path": false
        },
        "input": {
          "file_path": "/BulkOpportunities.csv"
        },
        "comment": "CSV File Source",
        "uuid": "f7254aeb-741a-40db-af40-ea9adb1e72a3"
      },
      {
        "number": 2,
        "provider": "google_drive",
        "name": "download_file_contents",
        "as": "b7d7ce75",
        "keyword": "action",
        "dynamicPickListSelection": {
          "fileId": {
            "ids": [
              "0AG-z2tlO8ALaUk9PVA",
              "1_bbZfX61zMCQMpfh4E0Vlb71O0WVchDL",
              "1-DHeAj9qYBqKv0d-A7YMROWg95FzKVoB"
            ],
            "titles": [
              "My Drive",
              "exercise 7",
              "BulkOpportunities.csv"
            ]
          }
        },
        "toggleCfg": {
          "fileId": false
        },
        "input": {
          "fileId": "1-DHeAj9qYBqKv0d-A7YMROWg95FzKVoB"
        },
        "uuid": "16ea69ad-2a08-4e9e-8fd7-470b1e22d276",
        "skip": true
      },
      {
        "number": 3,
        "provider": "google_drive",
        "name": "download_file_contents",
        "as": "aa3fb0dc",
        "keyword": "action",
        "dynamicPickListSelection": {
          "fileId": {
            "ids": [
              "0AK9jrN6D-TAIUk9PVA",
              "1vRCJ02CmAEarKJAVucfLiJNvIH29119Z",
              "1-BYRzG6Y2TWumhBnL-4KdqAzajbxh1sn",
              "1-HUKrz8-MuvNLdGLbclQCUrh8EUFnlP0"
            ],
            "titles": [
              "My Drive",
              "Workato Partner Delivery Training",
              "Excercise 7",
              "BulkOpportunities_XML.xml"
            ]
          }
        },
        "toggleCfg": {
          "fileId": false
        },
        "input": {
          "fileId": "1-HUKrz8-MuvNLdGLbclQCUrh8EUFnlP0"
        },
        "comment": "XML File Source",
        "uuid": "b1604d71-a781-4b6e-9853-0237dbd2968d"
      },
      {
        "number": 4,
        "provider": "xml_parser",
        "name": "parse_xml",
        "as": "13847fe1",
        "title": null,
        "description": null,
        "keyword": "action",
        "input": {
          "type": "xml2",
          "sample_document": "<?xml version='1.0' encoding='utf-8'?>\n<Opportunities>\n<Opportunity>\n<OpportunityName>Adams and Sons</OpportunityName>\n<Stage>Proposal</Stage>\n<CloseDate>2024-10-09</CloseDate>\n<LeadSource>Other</LeadSource>\n<Address>6200 Watkins Fort Suite 893, East Thomasfurt, WA 45339</Address>\n<OpportunityAmount>37008</OpportunityAmount>\n</Opportunity>\n</Opportunities>",
          "document": "#{_dp('{\"pill_type\":\"output\",\"provider\":\"google_drive\",\"line\":\"aa3fb0dc\",\"path\":[\"payload\"]}')}"
        },
        "extended_output_schema": [
          {
            "label": "Opportunities",
            "name": "Opportunities",
            "of": "object",
            "parse_output": "item_array_wrap",
            "properties": [
              {
                "name": "Opportunity",
                "type": "array",
                "of": "object",
                "label": "Opportunity",
                "properties": [
                  {
                    "name": "OpportunityName",
                    "type": "array",
                    "of": "object",
                    "label": "Opportunity name",
                    "properties": [
                      {
                        "control_type": "text",
                        "label": "Content",
                        "type": "string",
                        "name": "content_"
                      }
                    ],
                    "parse_output": "item_array_wrap"
                  },
                  {
                    "name": "Stage",
                    "type": "array",
                    "of": "object",
                    "label": "Stage",
                    "properties": [
                      {
                        "control_type": "text",
                        "label": "Content",
                        "type": "string",
                        "name": "content_"
                      }
                    ],
                    "parse_output": "item_array_wrap"
                  },
                  {
                    "name": "CloseDate",
                    "type": "array",
                    "of": "object",
                    "label": "Close date",
                    "properties": [
                      {
                        "control_type": "text",
                        "label": "Content",
                        "type": "string",
                        "name": "content_"
                      }
                    ],
                    "parse_output": "item_array_wrap"
                  },
                  {
                    "name": "LeadSource",
                    "type": "array",
                    "of": "object",
                    "label": "Lead source",
                    "properties": [
                      {
                        "control_type": "text",
                        "label": "Content",
                        "type": "string",
                        "name": "content_"
                      }
                    ],
                    "parse_output": "item_array_wrap"
                  },
                  {
                    "name": "Address",
                    "type": "array",
                    "of": "object",
                    "label": "Address",
                    "properties": [
                      {
                        "control_type": "text",
                        "label": "Content",
                        "type": "string",
                        "name": "content_"
                      }
                    ],
                    "parse_output": "item_array_wrap"
                  },
                  {
                    "name": "OpportunityAmount",
                    "type": "array",
                    "of": "object",
                    "label": "Opportunity amount",
                    "properties": [
                      {
                        "control_type": "text",
                        "label": "Content",
                        "type": "string",
                        "name": "content_"
                      }
                    ],
                    "parse_output": "item_array_wrap"
                  }
                ],
                "parse_output": "item_array_wrap"
              }
            ],
            "type": "array"
          }
        ],
        "uuid": "f6df2df4-9036-40b3-a9bc-fae929f35585"
      },
      {
        "number": 5,
        "provider": "csv_parser",
        "name": "create_csv_lines",
        "as": "36d37d0d",
        "title": null,
        "description": null,
        "keyword": "action",
        "toggleCfg": {
          "create_header_line": true,
          "force_quotes": true
        },
        "input": {
          "create_header_line": "true",
          "column_separator": ",",
          "force_quotes": "false",
          "column_labels": "OpportunityName\nStage\nCloseDate\nLeadSource\nAddress\nOpportunityAmount",
          "lines": {
            "column_0": "#{_dp('{\"pill_type\":\"output\",\"provider\":\"xml_parser\",\"line\":\"13847fe1\",\"path\":[\"Opportunities\",{\"path_element_type\":\"current_item\"},\"Opportunity\",{\"path_element_type\":\"current_item\"},\"OpportunityName\",{\"path_element_type\":\"current_item\"},\"content_\"]}')}",
            "column_1": "#{_dp('{\"pill_type\":\"output\",\"provider\":\"xml_parser\",\"line\":\"13847fe1\",\"path\":[\"Opportunities\",{\"path_element_type\":\"current_item\"},\"Opportunity\",{\"path_element_type\":\"current_item\"},\"Stage\",{\"path_element_type\":\"current_item\"},\"content_\"]}')}",
            "column_2": "#{_dp('{\"pill_type\":\"output\",\"provider\":\"xml_parser\",\"line\":\"13847fe1\",\"path\":[\"Opportunities\",{\"path_element_type\":\"current_item\"},\"Opportunity\",{\"path_element_type\":\"current_item\"},\"CloseDate\",{\"path_element_type\":\"current_item\"},\"content_\"]}')}",
            "column_3": "#{_dp('{\"pill_type\":\"output\",\"provider\":\"xml_parser\",\"line\":\"13847fe1\",\"path\":[\"Opportunities\",{\"path_element_type\":\"current_item\"},\"Opportunity\",{\"path_element_type\":\"current_item\"},\"LeadSource\",{\"path_element_type\":\"current_item\"},\"content_\"]}')}",
            "column_4": "#{_dp('{\"pill_type\":\"output\",\"provider\":\"xml_parser\",\"line\":\"13847fe1\",\"path\":[\"Opportunities\",{\"path_element_type\":\"current_item\"},\"Opportunity\",{\"path_element_type\":\"current_item\"},\"Address\",{\"path_element_type\":\"current_item\"},\"content_\"]}')}",
            "column_5": "#{_dp('{\"pill_type\":\"output\",\"provider\":\"xml_parser\",\"line\":\"13847fe1\",\"path\":[\"Opportunities\",{\"path_element_type\":\"current_item\"},\"Opportunity\",{\"path_element_type\":\"current_item\"},\"OpportunityAmount\",{\"path_element_type\":\"current_item\"},\"content_\"]}')}",
            "____source": "#{_dp('{\"pill_type\":\"output\",\"provider\":\"xml_parser\",\"line\":\"13847fe1\",\"path\":[\"Opportunities\",{\"path_element_type\":\"current_item\"},\"Opportunity\"]}')}"
          }
        },
        "extended_input_schema": [
          {
            "hint": "Provide field mappings for the CSV data below.",
            "label": "CSV data lines",
            "name": "lines",
            "of": "object",
            "properties": [
              {
                "control_type": "text",
                "label": "OpportunityName",
                "optional": true,
                "sticky": true,
                "type": "string",
                "name": "column_0"
              },
              {
                "control_type": "text",
                "label": "Stage",
                "optional": true,
                "sticky": true,
                "type": "string",
                "name": "column_1"
              },
              {
                "control_type": "text",
                "label": "CloseDate",
                "optional": true,
                "sticky": true,
                "type": "string",
                "name": "column_2"
              },
              {
                "control_type": "text",
                "label": "LeadSource",
                "optional": true,
                "sticky": true,
                "type": "string",
                "name": "column_3"
              },
              {
                "control_type": "text",
                "label": "Address",
                "optional": true,
                "sticky": true,
                "type": "string",
                "name": "column_4"
              },
              {
                "control_type": "text",
                "label": "OpportunityAmount",
                "optional": true,
                "sticky": true,
                "type": "string",
                "name": "column_5"
              }
            ],
            "type": "array"
          }
        ],
        "uuid": "267f6a2d-6c9c-4fc0-970e-847172efef35"
      },
      {
        "number": 6,
        "provider": "workato_transformations",
        "name": "query_data",
        "as": "3ed188fd",
        "title": null,
        "description": null,
        "keyword": "action",
        "dynamicPickListSelection": {
          "sources.0.data_source_type": "Content stream",
          "sources.1.data_source_type": "Content stream",
          "output.wf_file_path": {
            "ids": [
              "/",
              "/DeloitteMrinalini"
            ],
            "titles": [
              "Root directory",
              "DeloitteMrinalini"
            ]
          }
        },
        "toggleCfg": {
          "output.csv_include_header": true,
          "sources.0.allow_relaxed_schema": true,
          "sources.0.csv_ignore_header": true,
          "sources.0.wf_file_path": true,
          "sources.1.allow_relaxed_schema": true,
          "sources.1.csv_ignore_header": true,
          "output.wf_file_path": true
        },
        "input": {
          "output": {
            "type": "content_stream",
            "file_format": "csv",
            "excel_include_header": "false",
            "excel_sheet_name": "Sheet 1",
            "excel_start_from": "A1",
            "csv_include_header": "true",
            "csv_delimiter": "comma",
            "csv_quote_style": "necessary",
            "csv_quote": "double",
            "wf_file_path": "/DeloitteMrinalini",
            "wf_file_name": "opportunity"
          },
          "sources": [
            {
              "file_format": "csv",
              "schema_type": "defined",
              "dynamic_table_schema": "=",
              "excel_dynamic_table_schema": "=",
              "allow_relaxed_schema": "true",
              "csv_ignore_header": "true",
              "excel_ignore_header": "false",
              "matching_mode": "named",
              "csv_delimiter": "comma",
              "table_name": "xml",
              "data_source_type": "content_stream",
              "wf_file_path": "#{_dp('{\"pill_type\":\"output\",\"provider\":\"csv_parser\",\"line\":\"36d37d0d\",\"path\":[\"csv_lines\"]}')}",
              "table_schema": "[{\"control_type\":\"text\",\"label\":\"Opportunity name\",\"optional\":true,\"type\":\"string\",\"name\":\"OpportunityName\"},{\"control_type\":\"text\",\"label\":\"Stage\",\"optional\":true,\"type\":\"string\",\"name\":\"Stage\"},{\"control_type\":\"text\",\"label\":\"Close date\",\"optional\":true,\"type\":\"string\",\"name\":\"CloseDate\"},{\"control_type\":\"text\",\"label\":\"Lead source\",\"optional\":true,\"type\":\"string\",\"name\":\"LeadSource\"},{\"control_type\":\"text\",\"label\":\"Account address\",\"optional\":true,\"type\":\"string\",\"name\":\"Address\"},{\"control_type\":\"text\",\"label\":\"Opportunity amount\",\"optional\":true,\"type\":\"string\",\"name\":\"OpportunityAmount\"}]",
              "source_stream": "#{_dp('{\"pill_type\":\"output\",\"provider\":\"csv_parser\",\"line\":\"36d37d0d\",\"path\":[\"csv_lines\"]}')}"
            },
            {
              "file_format": "csv",
              "schema_type": "defined",
              "dynamic_table_schema": "=",
              "excel_dynamic_table_schema": "=",
              "allow_relaxed_schema": "true",
              "csv_ignore_header": "true",
              "excel_ignore_header": "false",
              "matching_mode": "ordered",
              "csv_delimiter": "comma",
              "table_name": "csv",
              "data_source_type": "content_stream",
              "source_stream": "#{_dp('{\"pill_type\":\"output\",\"provider\":\"workato_files\",\"line\":\"6a74e59b\",\"path\":[\"content\"]}')}",
              "table_schema": "[{\"control_type\":\"text\",\"label\":\"Account name\",\"optional\":true,\"type\":\"string\",\"name\":\"AccountName\"},{\"control_type\":\"text\",\"label\":\"Opportunity name\",\"optional\":true,\"type\":\"string\",\"name\":\"OpportunityName\"},{\"control_type\":\"text\",\"label\":\"Stage\",\"optional\":true,\"type\":\"string\",\"name\":\"Stage\"},{\"control_type\":\"text\",\"label\":\"Close date\",\"optional\":true,\"type\":\"string\",\"name\":\"CloseDate\"},{\"control_type\":\"text\",\"label\":\"Lead source\",\"optional\":true,\"type\":\"string\",\"name\":\"LeadSource\"},{\"control_type\":\"text\",\"label\":\"Contact person\",\"optional\":true,\"type\":\"string\",\"name\":\"ContactPerson\"},{\"control_type\":\"text\",\"label\":\"Contact phone\",\"optional\":true,\"type\":\"string\",\"name\":\"ContactPhone\"},{\"control_type\":\"text\",\"label\":\"Contact email\",\"optional\":true,\"type\":\"string\",\"name\":\"ContactEmail\"},{\"control_type\":\"text\",\"label\":\"Account address\",\"optional\":true,\"type\":\"string\",\"name\":\"AccountAddress\"},{\"control_type\":\"text\",\"label\":\"Opportunity amount\",\"optional\":true,\"type\":\"string\",\"name\":\"OpportunityAmount\"}]"
            }
          ],
          "query": {
            "sql_select_query": "SELECT\nOpportunityName,\nStage,\nCloseDate,\nLeadSource,\nAddress,\nOpportunityAmount\n\nFROM xml\nUNION ALL\nSELECT\nOpportunityName,\nStage,\nCloseDate,\nLeadSource,\nAccountAddress,\nOpportunityAmount\n\nFROM csv;"
          }
        },
        "extended_output_schema": [
          {
            "control_type": "integer",
            "hint": "Number of lines in the resulting CSV",
            "label": "Number of rows",
            "name": "result_lines",
            "parse_output": "integer_conversion",
            "type": "integer"
          },
          {
            "control_type": "number",
            "hint": "Content size in bytes",
            "label": "Content size (bytes)",
            "name": "size",
            "parse_output": "integer_conversion",
            "type": "integer"
          },
          {
            "control_type": "text",
            "hint": "Contents (conditional, based on output type selected)",
            "label": "Contents",
            "name": "content",
            "type": "string"
          },
          {
            "control_type": "string",
            "label": "Query execution time",
            "name": "query_execution_time",
            "type": "string"
          },
          {
            "control_type": "string",
            "label": "Total processing time",
            "name": "total_processing_time",
            "type": "string"
          },
          {
            "label": "Source schemas",
            "name": "source_schemas",
            "of": "object",
            "properties": [
              {
                "control_type": "text",
                "label": "Table name",
                "type": "string",
                "name": "source"
              },
              {
                "name": "schema",
                "type": "array",
                "of": "object",
                "label": "Schema",
                "properties": [
                  {
                    "control_type": "text",
                    "label": "Field name",
                    "type": "string",
                    "name": "name"
                  },
                  {
                    "control_type": "text",
                    "label": "Field type",
                    "type": "string",
                    "name": "type"
                  },
                  {
                    "control_type": "checkbox",
                    "label": "Is field optional",
                    "toggle_hint": "Select from option list",
                    "toggle_field": {
                      "label": "Is field optional",
                      "control_type": "text",
                      "toggle_hint": "Use custom value",
                      "render_input": null,
                      "parse_output": null,
                      "type": "boolean",
                      "name": "optional"
                    },
                    "type": "boolean",
                    "name": "optional"
                  }
                ]
              }
            ],
            "type": "array"
          },
          {
            "label": "Output schema",
            "name": "output_schema",
            "of": "object",
            "properties": [
              {
                "control_type": "text",
                "label": "Field name",
                "type": "string",
                "name": "name"
              },
              {
                "control_type": "text",
                "label": "Field type",
                "type": "string",
                "name": "type"
              },
              {
                "control_type": "checkbox",
                "label": "Is field optional",
                "toggle_hint": "Select from option list",
                "toggle_field": {
                  "label": "Is field optional",
                  "control_type": "text",
                  "toggle_hint": "Use custom value",
                  "render_input": null,
                  "parse_output": null,
                  "type": "boolean",
                  "name": "optional"
                },
                "type": "boolean",
                "name": "optional"
              }
            ],
            "type": "array"
          }
        ],
        "extended_input_schema": [
          {
            "add_item_label": "Add data source",
            "empty_list_text": "At least one data-source must be provided.",
            "empty_list_title": "Multiple data-sources can be added to perform `join` operations.",
            "enforce_template_mode": true,
            "hint": "Specify data-sources to perform SQL over them",
            "initially_expanded": true,
            "item_label": "Source",
            "label": "Data Sources",
            "list_mode": "static",
            "name": "sources",
            "of": "object",
            "overridden_value": [
              {
                "file_format": "csv",
                "schema_type": "defined",
                "dynamic_table_schema": "=",
                "excel_dynamic_table_schema": "=",
                "allow_relaxed_schema": "true",
                "csv_ignore_header": "true",
                "excel_ignore_header": "false",
                "matching_mode": "named",
                "csv_delimiter": "comma",
                "table_name": "xml",
                "data_source_type": "content_stream",
                "wf_file_path": "#{_dp('{\"pill_type\":\"output\",\"provider\":\"csv_parser\",\"line\":\"36d37d0d\",\"path\":[\"csv_lines\"]}')}",
                "table_schema": "[{\"control_type\":\"text\",\"label\":\"Opportunity name\",\"optional\":true,\"type\":\"string\",\"name\":\"OpportunityName\"},{\"control_type\":\"text\",\"label\":\"Stage\",\"optional\":true,\"type\":\"string\",\"name\":\"Stage\"},{\"control_type\":\"text\",\"label\":\"Close date\",\"optional\":true,\"type\":\"string\",\"name\":\"CloseDate\"},{\"control_type\":\"text\",\"label\":\"Lead source\",\"optional\":true,\"type\":\"string\",\"name\":\"LeadSource\"},{\"control_type\":\"text\",\"label\":\"Account address\",\"optional\":true,\"type\":\"string\",\"name\":\"Address\"},{\"control_type\":\"text\",\"label\":\"Opportunity amount\",\"optional\":true,\"type\":\"string\",\"name\":\"OpportunityAmount\"}]",
                "source_stream": "#{_dp('{\"pill_type\":\"output\",\"provider\":\"csv_parser\",\"line\":\"36d37d0d\",\"path\":[\"csv_lines\"]}')}"
              },
              {
                "file_format": "csv",
                "schema_type": "defined",
                "dynamic_table_schema": "=",
                "excel_dynamic_table_schema": "=",
                "allow_relaxed_schema": "true",
                "csv_ignore_header": "true",
                "excel_ignore_header": "false",
                "matching_mode": "ordered",
                "csv_delimiter": "comma",
                "table_name": "csv",
                "data_source_type": "content_stream",
                "source_stream": "#{_dp('{\"pill_type\":\"output\",\"provider\":\"google_drive\",\"line\":\"b7d7ce75\",\"path\":[\"payload\"]}')}",
                "table_schema": "[{\"control_type\":\"text\",\"label\":\"Account name\",\"optional\":true,\"type\":\"string\",\"name\":\"AccountName\"},{\"control_type\":\"text\",\"label\":\"Opportunity name\",\"optional\":true,\"type\":\"string\",\"name\":\"OpportunityName\"},{\"control_type\":\"text\",\"label\":\"Stage\",\"optional\":true,\"type\":\"string\",\"name\":\"Stage\"},{\"control_type\":\"text\",\"label\":\"Close date\",\"optional\":true,\"type\":\"string\",\"name\":\"CloseDate\"},{\"control_type\":\"text\",\"label\":\"Lead source\",\"optional\":true,\"type\":\"string\",\"name\":\"LeadSource\"},{\"control_type\":\"text\",\"label\":\"Contact person\",\"optional\":true,\"type\":\"string\",\"name\":\"ContactPerson\"},{\"control_type\":\"text\",\"label\":\"Contact phone\",\"optional\":true,\"type\":\"string\",\"name\":\"ContactPhone\"},{\"control_type\":\"text\",\"label\":\"Contact email\",\"optional\":true,\"type\":\"string\",\"name\":\"ContactEmail\"},{\"control_type\":\"text\",\"label\":\"Account address\",\"optional\":true,\"type\":\"string\",\"name\":\"AccountAddress\"},{\"control_type\":\"text\",\"label\":\"Opportunity amount\",\"optional\":true,\"type\":\"string\",\"name\":\"OpportunityAmount\"}]"
              }
            ],
            "override": true,
            "properties": [
              {
                "control_type": "text",
                "label": "Data source name",
                "sticky": true,
                "support_pills": false,
                "extends_schema": false,
                "optional": false,
                "hint": "Provide an alias name for the data source. E.g: contacts, orders. This name is to be used in the query.",
                "type": "string",
                "name": "table_name"
              },
              {
                "control_type": "select",
                "label": "Data source type",
                "extends_schema": true,
                "change_on_blur": true,
                "pick_list": "data_sources_list",
                "hint": "                   Provide the data source type. To pass file content directly from upstream action/trigger chooser Content Stream.\n                   You can also refer to a file in Workato FileStorage or a table from Data tables.\n",
                "type": "string",
                "name": "data_source_type"
              },
              {
                "control_type": "text-area",
                "label": "Content input stream",
                "sticky": true,
                "strip_interpolation": true,
                "change_on_blur": true,
                "ngIf": "parentInput.data_source_type && parentInput.data_source_type === 'content_stream'",
                "optionalExpression": "parentInput.data_source_type && parentInput.data_source_type !== 'content_stream'",
                "optional": true,
                "hint": "Pass the contents or file contents reference pill here from an upstream action or trigger.",
                "type": "string",
                "name": "source_stream"
              },
              {
                "control_type": "text",
                "label": "FileStorage file",
                "sticky": true,
                "change_on_blur": true,
                "ngIf": "parentInput.data_source_type && parentInput.data_source_type === 'wf_file'",
                "optionalExpression": "parentInput.data_source_type && parentInput.data_source_type !== 'wf_file'",
                "extends_schema": true,
                "optional": true,
                "mark_as_required": true,
                "toggle_hint": "Enter file path",
                "toggle_field": {
                  "control_type": "tree",
                  "label": "FileStorage file",
                  "toggle_hint": "Choose a file",
                  "tree_options": {
                    "selectable_folder": false
                  },
                  "pick_list": "wf_files_list",
                  "extends_schema": true,
                  "toggle_to_primary_hint": "Enter file path",
                  "toggle_to_secondary_hint": "Choose a file",
                  "hint": "Choose the file to fetch the data",
                  "type": "string",
                  "name": "wf_file_path"
                },
                "hint": "                   Provide the FileStorage file full path here to fetch the data. For example, “samplepath/filename.csv”.\n",
                "type": "string",
                "name": "wf_file_path"
              },
              {
                "control_type": "select",
                "label": "Data table",
                "pick_list": "current_user_table_list",
                "extends_schema": true,
                "ngIf": "parentInput.data_source_type && parentInput.data_source_type === 'wdb_table'",
                "optionalExpression": "parentInput.data_source_type && parentInput.data_source_type !== 'wdb_table'",
                "optional": true,
                "hint": "Select a data table to fetch the data.",
                "type": "string",
                "name": "table_id"
              },
              {
                "control_type": "select",
                "label": "File format",
                "extends_schema": true,
                "change_on_blur": true,
                "default": "csv",
                "ngIf": "parentInput.data_source_type && parentInput.data_source_type !== 'wdb_table'",
                "optional": true,
                "sticky": true,
                "pick_list": [
                  [
                    "CSV",
                    "csv"
                  ],
                  [
                    "Excel",
                    "excel"
                  ]
                ],
                "hint": "Choose the data format . Today CSV and Excel file formats are supported.",
                "type": "string",
                "name": "file_format"
              },
              {
                "control_type": "text",
                "label": "Worksheet",
                "ngIf": "parentInput.data_source_type && parentInput.data_source_type !== 'wdb_table' && parentInput.file_format === 'excel'",
                "optionalExpression": "parentInput.file_format && parentInput.file_format !== 'excel'",
                "optional": true,
                "mark_as_required": true,
                "extends_schema": false,
                "hint": "Provide the sheet name from the Excel file where the data is available.",
                "type": "string",
                "name": "excel_sheet_name"
              },
              {
                "control_type": "text",
                "label": "Range",
                "ngIf": "parentInput.data_source_type && parentInput.data_source_type !== 'wdb_table' && parentInput.file_format === 'excel'",
                "optionalExpression": "parentInput.file_format !== 'excel'",
                "optional": true,
                "mark_as_required": true,
                "extends_schema": false,
                "hint": "Provide the cell range of the data. e.g A5:F2000. Make sure to ignore the header row while providing the range.",
                "type": "string",
                "name": "excel_range"
              },
              {
                "control_type": "select",
                "label": "Column schema type",
                "extends_schema": true,
                "change_on_blur": true,
                "default": "defined",
                "ngIf": "parentInput.data_source_type && parentInput.data_source_type !== 'wdb_table'",
                "optional": true,
                "sticky": true,
                "pick_list": [
                  [
                    "Defined",
                    "defined"
                  ],
                  [
                    "Dynamic",
                    "dynamic"
                  ],
                  [
                    "Infer",
                    "infer"
                  ]
                ],
                "hint": "                   Choose ‘Define' to provide column names and types explicitly in the action.\n                   Choose ‘Dynamic’ to pass schema as array data pill from upstream action.\n                   Choose 'Infer’ to infer column names and schema automatically from the data and its header.\n",
                "type": "string",
                "name": "schema_type"
              },
              {
                "control_type": "schema-designer",
                "label": "Data schema",
                "sample_data_type": "csv",
                "add_field_label": "Add column name",
                "exclude_fields": [
                  "hint",
                  "parentId"
                ],
                "exclude_fields_types": [
                  "array",
                  "object"
                ],
                "empty_schema_title": "Provide column names in your CSV.",
                "empty_schema_message": "<button type=\"button\" data-action=\"generateSchema\">Use a sample CSV file</button> to input all column names at once.",
                "ngIf": "parentInput.data_source_type && parentInput.data_source_type !== 'wdb_table' && parentInput.file_format === 'csv' && parentInput.schema_type === 'defined'",
                "optionalExpression": "parentInput.data_source_type === 'wdb_table' || parentInput.file_format === 'excel' || parentInput.schema_type !== 'defined'",
                "optional": true,
                "mark_as_required": true,
                "enforce_generated_schema_fields_optional": true,
                "hint": "Describe the column schema of the data in this data source.",
                "type": "string",
                "name": "table_schema"
              },
              {
                "control_type": "list",
                "label": "Data schema",
                "ngIf": "parentInput.data_source_type && parentInput.data_source_type !== 'wdb_table' && parentInput.file_format === 'csv' && parentInput.schema_type === 'dynamic'",
                "optionalExpression": "parentInput.data_source_type === 'wdb_table' || parentInput.file_format === 'excel' || parentInput.schema_type !== 'dynamic'",
                "optional": true,
                "mark_as_required": true,
                "extends_schema": true,
                "send_list_schema": true,
                "drag_list": true,
                "default": "=",
                "hint": "Provide the data pill with a schema.",
                "type": "string",
                "name": "dynamic_table_schema"
              },
              {
                "control_type": "schema-designer",
                "label": "Data schema",
                "sample_data_type": "excel",
                "add_field_label": "Add column name",
                "exclude_fields": [
                  "hint",
                  "parentId"
                ],
                "exclude_fields_types": [
                  "array",
                  "object"
                ],
                "empty_schema_title": "Provide column names in your data source.",
                "empty_schema_message": "Provide all column names within the selected range",
                "ngIf": "parentInput.data_source_type && parentInput.data_source_type !== 'wdb_table' && parentInput.file_format === 'excel' && parentInput.schema_type === 'defined'",
                "optionalExpression": "parentInput.data_source_type === 'wdb_table' || parentInput.file_format === 'csv' || parentInput.schema_type !== 'defined'",
                "optional": true,
                "mark_as_required": true,
                "enforce_generated_schema_fields_optional": true,
                "hint": "Describe the schema of the columns of the data source.",
                "type": "string",
                "name": "excel_table_schema"
              },
              {
                "control_type": "list",
                "label": "Data schema",
                "ngIf": "parentInput.data_source_type && parentInput.data_source_type !== 'wdb_table' && parentInput.file_format === 'excel' && parentInput.schema_type === 'dynamic'",
                "optionalExpression": "parentInput.data_source_type === 'wdb_table' || parentInput.file_format === 'csv' || parentInput.schema_type !== 'dynamic'",
                "optional": true,
                "mark_as_required": true,
                "extends_schema": true,
                "send_list_schema": true,
                "drag_list": true,
                "default": "=",
                "hint": "Provide the sheet name from the Excel file where the data is available.",
                "type": "string",
                "name": "excel_dynamic_table_schema"
              },
              {
                "control_type": "checkbox",
                "label": "Column relaxation",
                "render_input": "boolean_conversion",
                "parse_output": "boolean_conversion",
                "sticky": true,
                "optional": true,
                "ngIf": "parentInput.data_source_type && parentInput.data_source_type !== 'wdb_table' && parentInput.schema_type === 'defined'",
                "optionalExpression": "parentInput.data_source_type && parentInput.data_source_type === 'wdb_table' || parentInput.schema_type !== 'defined'",
                "default": "false",
                "hint": "                    Select <b>Yes</b> if the incoming source data may contain additional columns than the schema provided.\n                    Select <b>No</b> to exactly match schema with the data, and it returns error if additional columns are encountered.\n",
                "toggle_hint": "Select from option list",
                "toggle_field": {
                  "label": "Column relaxation",
                  "control_type": "text",
                  "toggle_hint": "Use custom value",
                  "sticky": true,
                  "optional": true,
                  "render_input": "boolean_conversion",
                  "parse_output": "boolean_conversion",
                  "ngIf": "parentInput.data_source_type && parentInput.data_source_type !== 'wdb_table' && parentInput.schema_type === 'defined'",
                  "optionalExpression": "parentInput.data_source_type && parentInput.data_source_type === 'wdb_table' || parentInput.schema_type !== 'defined'",
                  "default": false,
                  "hint": "                    Select <b>Yes</b> if the incoming source data may contain additional columns than the schema provided.\n                    Select <b>No</b> to exactly match schema with the data, and it returns error if additional columns are encountered.\n",
                  "type": "boolean",
                  "name": "allow_relaxed_schema"
                },
                "type": "boolean",
                "name": "allow_relaxed_schema"
              },
              {
                "control_type": "checkbox",
                "label": "Contains header",
                "render_input": "boolean_conversion",
                "parse_output": "boolean_conversion",
                "sticky": true,
                "optional": true,
                "ngIf": "parentInput.data_source_type && parentInput.data_source_type !== 'wdb_table' && parentInput.file_format === 'csv' && parentInput.schema_type !== 'infer'",
                "default": "false",
                "hint": "                    Select <b>Yes</b> if the incoming data contains header as the first row. If so, SQL transformations will understand the columns in the file by name matching the first row in the file with the schema provided.\n                    If <b>No</b> is chosen, the column schema provided will be matched to the order of the columns in the file from left to right.\n",
                "toggle_hint": "Select from option list",
                "toggle_field": {
                  "label": "Contains header",
                  "control_type": "text",
                  "toggle_hint": "Use custom value",
                  "sticky": true,
                  "optional": true,
                  "ngIf": "parentInput.data_source_type && parentInput.data_source_type !== 'wdb_table' && parentInput.file_format === 'csv' && parentInput.schema_type !== 'infer'",
                  "default": false,
                  "render_input": "boolean_conversion",
                  "parse_output": "boolean_conversion",
                  "hint": "                    Select <b>Yes</b> if the incoming data contains header as the first row. If so, SQL transformations will understand the columns in the file by name matching the first row in the file with the schema provided.\n                    If <b>No</b> is chosen, the column schema provided will be matched to the order of the columns in the file from left to right.\n",
                  "type": "boolean",
                  "name": "csv_ignore_header"
                },
                "type": "boolean",
                "name": "csv_ignore_header"
              },
              {
                "control_type": "checkbox",
                "label": "Contains header",
                "render_input": "boolean_conversion",
                "parse_output": "boolean_conversion",
                "sticky": true,
                "optional": true,
                "ngIf": "parentInput.data_source_type && parentInput.data_source_type !== 'wdb_table' && parentInput.file_format === 'excel' && parentInput.schema_type !== 'infer'",
                "hint": "Set to <b>Yes</b> if the Excel range contain a header row that needs to be ignored. Default is set to No.",
                "default": "false",
                "toggle_hint": "Select from option list",
                "toggle_field": {
                  "label": "Contains header",
                  "control_type": "text",
                  "toggle_hint": "Use custom value",
                  "sticky": true,
                  "optional": true,
                  "render_input": "boolean_conversion",
                  "parse_output": "boolean_conversion",
                  "ngIf": "parentInput.data_source_type && parentInput.data_source_type !== 'wdb_table' && parentInput.file_format === 'excel' && parentInput.schema_type !== 'infer'",
                  "hint": "Set to <b>Yes</b> if the Excel range contain a header row that needs to be ignored. Default is set to No.",
                  "default": false,
                  "type": "boolean",
                  "name": "excel_ignore_header"
                },
                "type": "boolean",
                "name": "excel_ignore_header"
              },
              {
                "control_type": "select",
                "label": "Header matching",
                "ngIf": "parentInput.data_source_type && parentInput.data_source_type !== 'wdb_table' && parentInput.schema_type !== 'infer' &&((parentInput.file_format == 'csv' && parentInput.csv_ignore_header === 'true') || (parentInput.file_format == 'excel' && parentInput.excel_ignore_header === 'true'))",
                "optional": true,
                "sticky": true,
                "pick_list": [
                  [
                    "Ordered",
                    "ordered"
                  ],
                  [
                    "Named",
                    "named"
                  ]
                ],
                "hint": "Choose how to match header with schema columns",
                "default": "ordered",
                "type": "string",
                "name": "matching_mode"
              },
              {
                "control_type": "select",
                "label": "Column delimiter",
                "pick_list": "csv_delimiters",
                "sticky": true,
                "optional": true,
                "ngIf": "parentInput.data_source_type && parentInput.data_source_type !== 'wdb_table' && parentInput.file_format === 'csv'",
                "hint": "Select the character that separates columns in the CSV contents. Default is set to comma.",
                "default": "comma",
                "type": "string",
                "name": "csv_delimiter"
              }
            ],
            "sticky": true,
            "type": "array"
          },
          {
            "initially_expanded": true,
            "label": "Query",
            "name": "query",
            "optional": false,
            "override": true,
            "properties": [
              {
                "properties": [
                  {
                    "control_type": "text",
                    "label": "Schema",
                    "extends_schema": true,
                    "broadcast_change_event": true,
                    "type": "string",
                    "name": "schema"
                  },
                  {
                    "properties": [

                    ],
                    "label": "Data",
                    "optional": true,
                    "sticky": true,
                    "type": "object",
                    "name": "data"
                  }
                ],
                "label": "Query parameters",
                "control_type": "form-schema-builder",
                "item_label": "parameter",
                "exclude_fields": [
                  "hint"
                ],
                "optional": true,
                "override": true,
                "sticky": true,
                "schema_field_name_regex": [
                  "^[a-zA-Z][\\w]*$",
                  "Query parameter names only allow alphanumerical symbols and underscore (_)"
                ],
                "force_name_label_equality": true,
                "hint": "Add the parameters to be used in the WHERE condition of the query below. e.g. id.\nNext, add the actual parameter value, which can be static or datapills.\nSelect the closest corresponding data type that your database is expecting for the bind variable\n",
                "type": "object",
                "name": "parameters"
              },
              {
                "control_type": "code",
                "label": "SQL query",
                "language": "sql",
                "sql_mime_type": "x-sql",
                "support_pills": true,
                "allow_formula_mode": true,
                "sticky": true,
                "optional": false,
                "hint": "                       Add SQL select statement to query one or more data sources.\n                       Joins and more complex functions are also supported, more details available <a href=\"https://docs.workato.com/features/sql-transformations-query-setting.html\" target=\"_blank\">here</a>.\n                       To add parameters in the WHERE condition, use bind variables notation, e.g. id = @id, where id denotes the field name from the parameters section above.\n",
                "type": "string",
                "name": "sql_select_query"
              }
            ],
            "type": "object"
          }
        ],
        "uuid": "f5a252ce-ddf8-429f-929b-89f8ffbf7cd8",
        "skip": false
      },
      {
        "number": 7,
        "provider": "salesforce",
        "name": "upsert_bulk_job",
        "as": "3a255ae7",
        "title": "Upsert Opportunities in bulk from CSV file",
        "description": "Upsert <span class=\"provider\">Opportunities</span> in bulk in <span class=\"provider\">Salesforce</span> from CSV file",
        "keyword": "action",
        "dynamicPickListSelection": {
          "object": "Opportunity"
        },
        "toggleCfg": {
          "csv_data.skip_first_line": true,
          "auto_mapping": true,
          "key": false
        },
        "input": {
          "csv_data": {
            "col_sep": "comma",
            "skip_first_line": "true",
            "csv": "#{_dp('{\"pill_type\":\"output\",\"provider\":\"workato_transformations\",\"line\":\"3ed188fd\",\"path\":[\"content\"]}')}",
            "csv_columns": "[{\"name\":\"OpportunityName\",\"type\":\"string\",\"optional\":true,\"control_type\":\"text\",\"label\":\"Opportunity name\"},{\"name\":\"Stage\",\"type\":\"string\",\"optional\":true,\"label\":\"Stage\",\"control_type\":\"text\"},{\"name\":\"CloseDate\",\"type\":\"string\",\"optional\":true,\"label\":\"CloseDate\",\"control_type\":\"text\"},{\"name\":\"LeadSource\",\"type\":\"string\",\"optional\":true,\"label\":\"LeadSource\",\"control_type\":\"text\"},{\"name\":\"Address\",\"type\":\"string\",\"optional\":true,\"control_type\":\"text\",\"label\":\"Address\"},{\"name\":\"OpportunityAmount\",\"type\":\"string\",\"optional\":true,\"control_type\":\"text\",\"label\":\"Opportunity amount\"}]"
          },
          "object": "Opportunity",
          "key": "Name",
          "advanced": {
            "wait_to_complete": "true",
            "csv_chunk_size": "100"
          },
          "auto_mapping": "false",
          "records": {
            "Name": "0",
            "StageName": "1",
            "CloseDate": "2",
            "Amount": "5",
            "LeadSource": "3"
          }
        },
        "extended_output_schema": [
          {
            "control_type": "text",
            "label": "All records successfully processed?",
            "name": "success",
            "type": "string"
          },
          {
            "control_type": "text",
            "label": "Number of records succeeded",
            "name": "numberRecordsSucceeded",
            "parse_output": "integer_conversion",
            "type": "integer"
          },
          {
            "control_type": "text",
            "label": "Number of records failed",
            "name": "numberRecordsFailed",
            "type": "string"
          },
          {
            "control_type": "text",
            "label": "Number of retried records",
            "name": "retryCount",
            "type": "string"
          },
          {
            "control_type": "text",
            "label": "Number of records processed",
            "name": "numberRecordsProcessed",
            "type": "string"
          },
          {
            "control_type": "text",
            "label": "CSV contents with failed records",
            "name": "job_info",
            "type": "string"
          },
          {
            "control_type": "text",
            "label": "CSV content with success records",
            "name": "success_rows",
            "type": "string"
          },
          {
            "control_type": "text",
            "label": "Failed records report header",
            "name": "job_info_header",
            "type": "string"
          },
          {
            "control_type": "text",
            "label": "Success records report header",
            "name": "success_rows_header",
            "type": "string"
          },
          {
            "label": "Salesforce bulk jobs",
            "name": "jobs",
            "of": "object",
            "properties": [
              {
                "control_type": "text",
                "label": "Records in job successfully processed?",
                "type": "string",
                "name": "success"
              },
              {
                "control_type": "text",
                "label": "Job ID",
                "type": "string",
                "name": "id"
              },
              {
                "control_type": "text",
                "label": "Number of records succeeded",
                "parse_output": "integer_conversion",
                "type": "integer",
                "name": "numberRecordsSucceeded"
              },
              {
                "control_type": "text",
                "label": "Number of records failed",
                "type": "string",
                "name": "numberRecordsFailed"
              },
              {
                "control_type": "text",
                "label": "Number of records processed",
                "type": "string",
                "name": "numberRecordsProcessed"
              },
              {
                "control_type": "text",
                "label": "Error message",
                "type": "string",
                "name": "errorMessage"
              }
            ],
            "type": "array"
          }
        ],
        "extended_input_schema": [
          {
            "hint": "Map the CSV columns configured above to the Opportunities fields",
            "label": "CSV to Salesforce Opportunities field mapping",
            "name": "records",
            "properties": [
              {
                "control_type": "select",
                "label": "Name",
                "parse_output": "integer_conversion",
                "pick_list": [
                  [
                    "OpportunityName",
                    0
                  ],
                  [
                    "Stage",
                    1
                  ],
                  [
                    "CloseDate",
                    2
                  ],
                  [
                    "LeadSource",
                    3
                  ],
                  [
                    "Address",
                    4
                  ],
                  [
                    "OpportunityAmount",
                    5
                  ]
                ],
                "optional": false,
                "sticky": true,
                "sfdc_field_type": "string",
                "type": "integer",
                "name": "Name",
                "hint": "Search for Opportunity where Name has this value.\nIf record exists, it is updated. Otherwise, a new record is created.\nInput list should have unique Name value. Entries with duplicate Name will not be processed.\n"
              },
              {
                "control_type": "select",
                "label": "Account ID",
                "parse_output": "integer_conversion",
                "pick_list": [
                  [
                    "OpportunityName",
                    0
                  ],
                  [
                    "Stage",
                    1
                  ],
                  [
                    "CloseDate",
                    2
                  ],
                  [
                    "LeadSource",
                    3
                  ],
                  [
                    "Address",
                    4
                  ],
                  [
                    "OpportunityAmount",
                    5
                  ]
                ],
                "optional": true,
                "sticky": true,
                "sfdc_field_type": "reference",
                "type": "integer",
                "name": "AccountId"
              },
              {
                "control_type": "select",
                "label": "Is private",
                "parse_output": "integer_conversion",
                "pick_list": [
                  [
                    "OpportunityName",
                    0
                  ],
                  [
                    "Stage",
                    1
                  ],
                  [
                    "CloseDate",
                    2
                  ],
                  [
                    "LeadSource",
                    3
                  ],
                  [
                    "Address",
                    4
                  ],
                  [
                    "OpportunityAmount",
                    5
                  ]
                ],
                "optional": true,
                "sticky": true,
                "sfdc_field_type": "boolean",
                "type": "integer",
                "name": "IsPrivate"
              },
              {
                "control_type": "select",
                "label": "Description",
                "parse_output": "integer_conversion",
                "pick_list": [
                  [
                    "OpportunityName",
                    0
                  ],
                  [
                    "Stage",
                    1
                  ],
                  [
                    "CloseDate",
                    2
                  ],
                  [
                    "LeadSource",
                    3
                  ],
                  [
                    "Address",
                    4
                  ],
                  [
                    "OpportunityAmount",
                    5
                  ]
                ],
                "optional": true,
                "sticky": true,
                "sfdc_field_type": "textarea",
                "type": "integer",
                "name": "Description"
              },
              {
                "control_type": "select",
                "label": "Stage name",
                "parse_output": "integer_conversion",
                "pick_list": [
                  [
                    "OpportunityName",
                    0
                  ],
                  [
                    "Stage",
                    1
                  ],
                  [
                    "CloseDate",
                    2
                  ],
                  [
                    "LeadSource",
                    3
                  ],
                  [
                    "Address",
                    4
                  ],
                  [
                    "OpportunityAmount",
                    5
                  ]
                ],
                "optional": false,
                "sticky": true,
                "sfdc_field_type": "picklist",
                "type": "integer",
                "name": "StageName"
              },
              {
                "control_type": "select",
                "label": "Amount",
                "parse_output": "integer_conversion",
                "pick_list": [
                  [
                    "OpportunityName",
                    0
                  ],
                  [
                    "Stage",
                    1
                  ],
                  [
                    "CloseDate",
                    2
                  ],
                  [
                    "LeadSource",
                    3
                  ],
                  [
                    "Address",
                    4
                  ],
                  [
                    "OpportunityAmount",
                    5
                  ]
                ],
                "optional": true,
                "sticky": true,
                "sfdc_field_type": "currency",
                "type": "integer",
                "name": "Amount"
              },
              {
                "control_type": "select",
                "label": "Probability",
                "parse_output": "integer_conversion",
                "pick_list": [
                  [
                    "OpportunityName",
                    0
                  ],
                  [
                    "Stage",
                    1
                  ],
                  [
                    "CloseDate",
                    2
                  ],
                  [
                    "LeadSource",
                    3
                  ],
                  [
                    "Address",
                    4
                  ],
                  [
                    "OpportunityAmount",
                    5
                  ]
                ],
                "optional": true,
                "sticky": true,
                "sfdc_field_type": "percent",
                "type": "integer",
                "name": "Probability"
              },
              {
                "control_type": "select",
                "label": "Total opportunity quantity",
                "parse_output": "integer_conversion",
                "pick_list": [
                  [
                    "OpportunityName",
                    0
                  ],
                  [
                    "Stage",
                    1
                  ],
                  [
                    "CloseDate",
                    2
                  ],
                  [
                    "LeadSource",
                    3
                  ],
                  [
                    "Address",
                    4
                  ],
                  [
                    "OpportunityAmount",
                    5
                  ]
                ],
                "optional": true,
                "sticky": true,
                "sfdc_field_type": "double",
                "type": "integer",
                "name": "TotalOpportunityQuantity"
              },
              {
                "control_type": "select",
                "label": "Close date",
                "parse_output": "integer_conversion",
                "pick_list": [
                  [
                    "OpportunityName",
                    0
                  ],
                  [
                    "Stage",
                    1
                  ],
                  [
                    "CloseDate",
                    2
                  ],
                  [
                    "LeadSource",
                    3
                  ],
                  [
                    "Address",
                    4
                  ],
                  [
                    "OpportunityAmount",
                    5
                  ]
                ],
                "optional": false,
                "sticky": true,
                "sfdc_field_type": "date",
                "type": "integer",
                "name": "CloseDate"
              },
              {
                "control_type": "select",
                "label": "Type",
                "parse_output": "integer_conversion",
                "pick_list": [
                  [
                    "OpportunityName",
                    0
                  ],
                  [
                    "Stage",
                    1
                  ],
                  [
                    "CloseDate",
                    2
                  ],
                  [
                    "LeadSource",
                    3
                  ],
                  [
                    "Address",
                    4
                  ],
                  [
                    "OpportunityAmount",
                    5
                  ]
                ],
                "optional": true,
                "sticky": true,
                "sfdc_field_type": "picklist",
                "type": "integer",
                "name": "Type"
              },
              {
                "control_type": "select",
                "label": "Next step",
                "parse_output": "integer_conversion",
                "pick_list": [
                  [
                    "OpportunityName",
                    0
                  ],
                  [
                    "Stage",
                    1
                  ],
                  [
                    "CloseDate",
                    2
                  ],
                  [
                    "LeadSource",
                    3
                  ],
                  [
                    "Address",
                    4
                  ],
                  [
                    "OpportunityAmount",
                    5
                  ]
                ],
                "optional": true,
                "sticky": true,
                "sfdc_field_type": "string",
                "type": "integer",
                "name": "NextStep"
              },
              {
                "control_type": "select",
                "label": "Lead source",
                "parse_output": "integer_conversion",
                "pick_list": [
                  [
                    "OpportunityName",
                    0
                  ],
                  [
                    "Stage",
                    1
                  ],
                  [
                    "CloseDate",
                    2
                  ],
                  [
                    "LeadSource",
                    3
                  ],
                  [
                    "Address",
                    4
                  ],
                  [
                    "OpportunityAmount",
                    5
                  ]
                ],
                "optional": true,
                "sticky": true,
                "sfdc_field_type": "picklist",
                "type": "integer",
                "name": "LeadSource"
              },
              {
                "control_type": "select",
                "label": "Forecast category name",
                "parse_output": "integer_conversion",
                "pick_list": [
                  [
                    "OpportunityName",
                    0
                  ],
                  [
                    "Stage",
                    1
                  ],
                  [
                    "CloseDate",
                    2
                  ],
                  [
                    "LeadSource",
                    3
                  ],
                  [
                    "Address",
                    4
                  ],
                  [
                    "OpportunityAmount",
                    5
                  ]
                ],
                "optional": true,
                "sticky": true,
                "sfdc_field_type": "picklist",
                "type": "integer",
                "name": "ForecastCategoryName"
              },
              {
                "control_type": "select",
                "label": "Campaign ID",
                "parse_output": "integer_conversion",
                "pick_list": [
                  [
                    "OpportunityName",
                    0
                  ],
                  [
                    "Stage",
                    1
                  ],
                  [
                    "CloseDate",
                    2
                  ],
                  [
                    "LeadSource",
                    3
                  ],
                  [
                    "Address",
                    4
                  ],
                  [
                    "OpportunityAmount",
                    5
                  ]
                ],
                "optional": true,
                "sticky": true,
                "sfdc_field_type": "reference",
                "type": "integer",
                "name": "CampaignId"
              },
              {
                "control_type": "select",
                "label": "Pricebook 2 ID",
                "parse_output": "integer_conversion",
                "pick_list": [
                  [
                    "OpportunityName",
                    0
                  ],
                  [
                    "Stage",
                    1
                  ],
                  [
                    "CloseDate",
                    2
                  ],
                  [
                    "LeadSource",
                    3
                  ],
                  [
                    "Address",
                    4
                  ],
                  [
                    "OpportunityAmount",
                    5
                  ]
                ],
                "optional": true,
                "sticky": true,
                "sfdc_field_type": "reference",
                "type": "integer",
                "name": "Pricebook2Id"
              },
              {
                "control_type": "select",
                "label": "Owner ID",
                "parse_output": "integer_conversion",
                "pick_list": [
                  [
                    "OpportunityName",
                    0
                  ],
                  [
                    "Stage",
                    1
                  ],
                  [
                    "CloseDate",
                    2
                  ],
                  [
                    "LeadSource",
                    3
                  ],
                  [
                    "Address",
                    4
                  ],
                  [
                    "OpportunityAmount",
                    5
                  ]
                ],
                "optional": true,
                "sticky": true,
                "sfdc_field_type": "reference",
                "type": "integer",
                "name": "OwnerId"
              },
              {
                "control_type": "select",
                "label": "Contact ID",
                "parse_output": "integer_conversion",
                "pick_list": [
                  [
                    "OpportunityName",
                    0
                  ],
                  [
                    "Stage",
                    1
                  ],
                  [
                    "CloseDate",
                    2
                  ],
                  [
                    "LeadSource",
                    3
                  ],
                  [
                    "Address",
                    4
                  ],
                  [
                    "OpportunityAmount",
                    5
                  ]
                ],
                "optional": true,
                "sticky": true,
                "sfdc_field_type": "reference",
                "type": "integer",
                "name": "ContactId"
              },
              {
                "control_type": "select",
                "label": "Delivery installation status c",
                "parse_output": "integer_conversion",
                "pick_list": [
                  [
                    "OpportunityName",
                    0
                  ],
                  [
                    "Stage",
                    1
                  ],
                  [
                    "CloseDate",
                    2
                  ],
                  [
                    "LeadSource",
                    3
                  ],
                  [
                    "Address",
                    4
                  ],
                  [
                    "OpportunityAmount",
                    5
                  ]
                ],
                "optional": true,
                "sticky": true,
                "sfdc_field_type": "picklist",
                "type": "integer",
                "name": "DeliveryInstallationStatus__c"
              },
              {
                "control_type": "select",
                "label": "Tracking number c",
                "parse_output": "integer_conversion",
                "pick_list": [
                  [
                    "OpportunityName",
                    0
                  ],
                  [
                    "Stage",
                    1
                  ],
                  [
                    "CloseDate",
                    2
                  ],
                  [
                    "LeadSource",
                    3
                  ],
                  [
                    "Address",
                    4
                  ],
                  [
                    "OpportunityAmount",
                    5
                  ]
                ],
                "optional": true,
                "sticky": true,
                "sfdc_field_type": "string",
                "type": "integer",
                "name": "TrackingNumber__c"
              },
              {
                "control_type": "select",
                "label": "Order number c",
                "parse_output": "integer_conversion",
                "pick_list": [
                  [
                    "OpportunityName",
                    0
                  ],
                  [
                    "Stage",
                    1
                  ],
                  [
                    "CloseDate",
                    2
                  ],
                  [
                    "LeadSource",
                    3
                  ],
                  [
                    "Address",
                    4
                  ],
                  [
                    "OpportunityAmount",
                    5
                  ]
                ],
                "optional": true,
                "sticky": true,
                "sfdc_field_type": "string",
                "type": "integer",
                "name": "OrderNumber__c"
              },
              {
                "control_type": "select",
                "label": "Current generators c",
                "parse_output": "integer_conversion",
                "pick_list": [
                  [
                    "OpportunityName",
                    0
                  ],
                  [
                    "Stage",
                    1
                  ],
                  [
                    "CloseDate",
                    2
                  ],
                  [
                    "LeadSource",
                    3
                  ],
                  [
                    "Address",
                    4
                  ],
                  [
                    "OpportunityAmount",
                    5
                  ]
                ],
                "optional": true,
                "sticky": true,
                "sfdc_field_type": "string",
                "type": "integer",
                "name": "CurrentGenerators__c"
              },
              {
                "control_type": "select",
                "label": "Main competitors c",
                "parse_output": "integer_conversion",
                "pick_list": [
                  [
                    "OpportunityName",
                    0
                  ],
                  [
                    "Stage",
                    1
                  ],
                  [
                    "CloseDate",
                    2
                  ],
                  [
                    "LeadSource",
                    3
                  ],
                  [
                    "Address",
                    4
                  ],
                  [
                    "OpportunityAmount",
                    5
                  ]
                ],
                "optional": true,
                "sticky": true,
                "sfdc_field_type": "string",
                "type": "integer",
                "name": "MainCompetitors__c"
              }
            ],
            "type": "object"
          },
          {
            "label": "Advanced configuration",
            "name": "advanced",
            "optional": true,
            "properties": [
              {
                "control_type": "checkbox",
                "label": "Wait for Salesforce to process all CSV rows?",
                "optional": true,
                "default": "true",
                "extends_schema": true,
                "hint": "When <b>Yes</b>, action will return once Salesforce processes all the rows in the CSV file. When <b>No</b>, action will return once the CSV file is uploaded to Salesforce.",
                "type": "string",
                "name": "wait_to_complete"
              },
              {
                "control_type": "number",
                "label": "CSV chunk size for each Salesforce bulk job (in MB)",
                "default": 100,
                "optional": true,
                "hint": "If the CSV file is greater than the chunk size, this action will automatically create multiple Salesforce bulk jobs.<br>Defaults to 100MB.",
                "type": "string",
                "name": "csv_chunk_size"
              },
              {
                "properties": [
                  {
                    "control_type": "checkbox",
                    "label": "Return success report without header line",
                    "optional": true,
                    "sticky": true,
                    "toggle_hint": "Select from option list",
                    "toggle_field": {
                      "label": "Return success report without header line",
                      "control_type": "text",
                      "toggle_hint": "Use custom value",
                      "optional": true,
                      "sticky": true,
                      "render_input": null,
                      "parse_output": null,
                      "type": "boolean",
                      "name": "skip_header_s"
                    },
                    "type": "boolean",
                    "name": "skip_header_s"
                  },
                  {
                    "control_type": "checkbox",
                    "label": "Return failed rows report without header line",
                    "optional": true,
                    "sticky": true,
                    "toggle_hint": "Select from option list",
                    "toggle_field": {
                      "label": "Return failed rows report without header line",
                      "control_type": "text",
                      "toggle_hint": "Use custom value",
                      "optional": true,
                      "sticky": true,
                      "render_input": null,
                      "parse_output": null,
                      "type": "boolean",
                      "name": "skip_header_f"
                    },
                    "type": "boolean",
                    "name": "skip_header_f"
                  }
                ],
                "label": "Output reports settings",
                "optional": true,
                "type": "object",
                "name": "output_settings"
              }
            ],
            "type": "object"
          }
        ],
        "uuid": "63fd2fc8-0c33-415e-bd02-77702458120c",
        "skip": false
      }
    ],
    "uuid": "4d412b2d-4cb6-4708-aa0d-6e83f5d7fe27",
    "wizardFinished": true,
    "unfinished": false
  },
  "config": [
    {
      "keyword": "application",
      "provider": "google_drive",
      "skip_validation": false,
      "account_id": {
        "zip_name": "Deloitte/Suryakant/Connections/acme_con_rw_google_drive.connection.json",
        "name": "[ACME] CON- RW | Google Drive",
        "folder": "Deloitte/Suryakant/Connections"
      }
    },
    {
      "keyword": "application",
      "provider": "xml_parser",
      "skip_validation": false,
      "account_id": null
    },
    {
      "keyword": "application",
      "provider": "csv_parser",
      "skip_validation": false,
      "account_id": null
    },
    {
      "keyword": "application",
      "provider": "workato_transformations",
      "skip_validation": false,
      "account_id": null
    },
    {
      "keyword": "application",
      "provider": "workato_webhooks",
      "skip_validation": false,
      "account_id": null
    },
    {
      "keyword": "application",
      "provider": "salesforce",
      "skip_validation": false,
      "account_id": {
        "zip_name": "Deloitte/Suryakant/Connections/acme_con_rw_salesforcecon.connection.json",
        "name": "[ACME] CON RW| SalesforceCon",
        "folder": "Deloitte/Suryakant/Connections"
      }
    },
    {
      "keyword": "application",
      "provider": "workato_files",
      "skip_validation": false,
      "account_id": null
    }
  ],
  "tags": [
    "#Excercise7"
  ]
}