{
    "records": [
        {
            "Account_Name": "Acme Corporation",
            "Opportunity_Name": "Acme Corporation - New Logo",
            "Stage": "Qualification",
            "Close_Date": "07/01/2023",
            "Lead_Source": "Web",
            "Contact_Person": "Mike Smith",
            "Contact_phone": "7-640-558-2538",
            "Contact_Email": "Mike_Smith@acmecorp.com",
            "Address": "9003 Eighth AVE, Newport Alabama 40635",
            "State": "Alabama",
            "Amount": 32000
        }
    ]
}